Name,Address,Rating,Result Count,Phone no,Website,Facebook,Location URL,Search Query,Longitude,Latitude,emails
Ami Tea Saint John,"73 King St, Saint John, NB E2L 1G5, Canada",4.5,57,+1 506-631-9999,,,https://www.google.ca/maps/place/Ami+Tea+Saint+John/data=!4m7!3m6!1s0x4ca7b304097ac489:0xf4b2b19c6e81fe68!8m2!3d45.2734358!4d-66.0598738!16s%2Fg%2F11ll6dqmrf!19sChIJicR6CQSzp0wRaP6BbpyxsvQ?authuser=0&hl=en&rclk=1,"Cofee shops in Saint John, NB, USA",-66.0598738,45.273435,
Starbucks,"300 Mystery Lake Rd, Thompson, MB R8N 0M2, Canada",3.6,2,,,,https://www.google.ca/maps/place/Starbucks/data=!4m7!3m6!1s0x525fc676c3bdf67b:0x8991de39934be655!8m2!3d55.7439345!4d-97.8467254!16s%2Fg%2F11b6g46c_p!19sChIJe_a9w3bGX1IRVeZLkznekYk?authuser=0&hl=en&rclk=1,"Cofee shops in Thompson, MB, USA",-97.8467254,55.743934,
Tim Hortons,"300 Mystery Lake Rd, Thompson, MB R8M 0N2, Canada",3.6,2,,,,https://www.google.ca/maps/place/Tim+Hortons/data=!4m7!3m6!1s0x525fc676df2d1ddf:0xb101d5ed10dffeb7!8m2!3d55.7450395!4d-97.8477466!16s%2Fg%2F1vzqrxc1!19sChIJ3x0t33bGX1IRt_7fEO3VAbE?authuser=0&hl=en&rclk=1,"Cofee shops in Thompson, MB, USA",-97.8477466,55.745039,
Java Moose,"84 Prince William St, Saint John, NB E2L 2B3, Canada",4.6,30,,,,https://www.google.ca/maps/place/Java+Moose/data=!4m7!3m6!1s0x4ca7b37c69174077:0xf772c9d67c05d67e!8m2!3d45.2719723!4d-66.0619405!16s%2Fg%2F1tj4b1st!19sChIJd0AXaXyzp0wRftYFfNbJcvc?authuser=0&hl=en&rclk=1,"Cofee shops in Saint John, NB, USA",-66.0619405,45.271972,
Circle K Coffee Shop,"56 City Rd, Saint John, NB E2L 3M6, Canada",,57,+1 506-202-7127,circlek.com,,https://www.google.ca/maps/place/Circle+K+Coffee+Shop/data=!4m7!3m6!1s0x4ca7b3dcc0d042f3:0xb48051f41ee8e7f0!8m2!3d45.2796656!4d-66.059518!16s%2Fg%2F11jzsrb1hs!19sChIJ80LQwNyzp0wR8OfoHvRRgLQ?authuser=0&hl=en&rclk=1,"Cofee shops in Saint John, NB, USA",-66.059518,45.279665,
Wild Carrot Café,"47 Charlotte St, Saint John, NB E2L 2H8, Canada",3.9,57,+1 506-632-1900,wildcarrotcafe.ca,,https://www.google.ca/maps/place/Wild+Carrot+Caf%C3%A9/data=!4m7!3m6!1s0x4ca7b37c69174077:0xdcbc2aa1057d81fd!8m2!3d45.274044!4d-66.059293!16s%2Fg%2F1td0022c!19sChIJd0AXaXyzp0wR_YF9BaEqvNw?authuser=0&hl=en&rclk=1,"Cofee shops in Saint John, NB, USA",-66.059293,45.27404,
Starbucks,"641 Harding St W, Saint John, NB E2M 3M2, Canada",4.2,57,+1 506-721-3429,starbucks.ca,,https://www.google.ca/maps/place/Starbucks/data=!4m7!3m6!1s0x4ca7b5e1569fda5d:0x693828fee55d7496!8m2!3d45.25443!4d-66.0957899!16s%2Fg%2F11mhy4k6n_!19sChIJXdqfVuG1p0wRlnRd5f4oOGk?authuser=0&hl=en&rclk=1,"Cofee shops in Saint John, NB, USA",-66.0957899,45.2544,
Starbucks,"300 Mystery Lake Rd, Thompson, MB R8N 0M2, Canada",3.6,2,+1 204-677-2600,starbucks.ca,,https://www.google.ca/maps/place/Starbucks/data=!4m7!3m6!1s0x525fc676c3bdf67b:0x8991de39934be655!8m2!3d55.7439345!4d-97.8467254!16s%2Fg%2F11b6g46c_p!19sChIJe_a9w3bGX1IRVeZLkznekYk?authuser=0&hl=en&rclk=1,"Cofee shops in Thompson, MB, USA",-97.8467254,55.743934,
Stone Soup Cafe & Catering,"139 Prince Edward St, Saint John, NB E2L 3S3, Canada",4.9,57,+1 506-650-7553,stonesoupsj.ca,,https://www.google.ca/maps/place/Stone+Soup+Cafe+%26+Catering/data=!4m7!3m6!1s0x4ca7b344b77bb65d:0x843ec45d4ed7c7e3!8m2!3d45.2779396!4d-66.0541536!16s%2Fg%2F11cjhz_ww6!19sChIJXbZ7t0Szp0wR48fXTl3EPoQ?authuser=0&hl=en&rclk=1,"Cofee shops in Saint John, NB, USA",-66.0541536,45.277939,
Second Cup Café,"41A Fashion Drive, Saint John, NB E2J 0A7, Canada",3.9,57,+1 506-672-9718,secondcup.com,,https://www.google.ca/maps/place/Second+Cup+Caf%C3%A9/data=!4m7!3m6!1s0x4ca7b38d12bdba4b:0x2835fe4c8f19169b!8m2!3d45.3004738!4d-66.0259565!16s%2Fg%2F11fkb5nv68!19sChIJS7q9Eo2zp0wRmxYZj0z-NSg?authuser=0&hl=en&rclk=1,"Cofee shops in Saint John, NB, USA",-66.0259565,45.300473,
Second Cup Café,"400 University Ave, Saint John, NB E2L 4L2, Canada",3.0,57,+1 506-648-7856,secondcup.com,,https://www.google.ca/maps/place/Second+Cup+Caf%C3%A9/data=!4m7!3m6!1s0x4ca64d94cf8d8a53:0x7b85530c6161569b!8m2!3d45.302386!4d-66.0855669!16s%2Fg%2F11l27whgvv!19sChIJU4qNz5RNpkwRm1ZhYQxThXs?authuser=0&hl=en&rclk=1,"Cofee shops in Saint John, NB, USA",-66.0855669,45.30238,
Java Moose,"519 Westmorland Rd, Saint John, NB E2J 3W9, Canada",4.4,57,+1 506-633-0033,javamoose.com,,https://www.google.ca/maps/place/Java+Moose/data=!4m7!3m6!1s0x4ca7b257ba4689c5:0x24a2e947eda8923f!8m2!3d45.307349!4d-66.0159656!16s%2Fg%2F1tgclx4n!19sChIJxYlGuleyp0wRP5Ko7UfpoiQ?authuser=0&hl=en&rclk=1,"Cofee shops in Saint John, NB, USA",-66.0159656,45.30734,sales@javamoose.com
Java Moose,"519 Westmorland Rd, Saint John, NB E2J 3W9, Canada",4.5,30,+1 506-633-0033,javamoose.com,,https://www.google.ca/maps/place/Java+Moose/data=!4m7!3m6!1s0x4ca7b257ba4689c5:0x24a2e947eda8923f!8m2!3d45.307349!4d-66.0159656!16s%2Fg%2F1tgclx4n!19sChIJxYlGuleyp0wRP5Ko7UfpoiQ?authuser=0&hl=en&rclk=1,"Cofee shops in Saint John, NB, USA",-66.0159656,45.30734,sales@javamoose.com
Second Cup Café,"16 King St, Saint John, NB E2L 1G2, Canada",4.4,57,+1 506-642-9671,secondcup.com,,https://www.google.ca/maps/place/Second+Cup+Caf%C3%A9/data=!4m7!3m6!1s0x4ca7b367353eac5f:0xa07bbe69f3ee89ac!8m2!3d45.2727273!4d-66.0616472!16s%2Fg%2F11b8tg3yhl!19sChIJX6w-NWezp0wRrInu82m-e6A?authuser=0&hl=en&rclk=1,"Cofee shops in Saint John, NB, USA",-66.0616472,45.272727,
Starbucks,"300 Mystery Lake Rd, Thompson, MB R8N 0M2, Canada",3.6,2,+1 204-677-2600,starbucks.ca,,https://www.google.ca/maps/place/Starbucks/data=!4m7!3m6!1s0x525fc676c3bdf67b:0x8991de39934be655!8m2!3d55.7439345!4d-97.8467254!16s%2Fg%2F11b6g46c_p!19sChIJe_a9w3bGX1IRVeZLkznekYk?authuser=0&hl=en&rclk=1,"Cofee shops in Thompson, MB, USA",-97.8467254,55.743934,
College Fund Coffee,"31 Queen Square N, Saint John, NB E2L 1R6, Canada",5.0,30,+1 506-647-8453,collegefundcoffee.com,,https://www.google.ca/maps/place/College+Fund+Coffee/data=!4m7!3m6!1s0x4ca7b5464d2dc3f7:0xc757370bad3e8009!8m2!3d45.2699003!4d-66.0560613!16s%2Fg%2F11k5hjf4vm!19sChIJ98MtTUa1p0wRCYA-rQs3V8c?authuser=0&hl=en&rclk=1,"Cofee shops in Saint John, NB, USA",-66.0560613,45.269900,mhlegere@gmail.com
Starbucks,"300 Mystery Lake Rd, Thompson, MB R8N 0M2, Canada",3.6,3,+1 204-677-2600,starbucks.ca,,https://www.google.ca/maps/place/Starbucks/data=!4m7!3m6!1s0x525fc676c3bdf67b:0x8991de39934be655!8m2!3d55.7439345!4d-97.8467254!16s%2Fg%2F11b6g46c_p!19sChIJe_a9w3bGX1IRVeZLkznekYk?authuser=0&hl=en&rclk=1,"Cofee shops in Thompson, MB, USA",-97.8467254,55.743934,
Second Cup Café,"16 King St, Saint John, NB E2L 1G2, Canada",4.4,30,+1 506-642-9671,secondcup.com,,https://www.google.ca/maps/place/Second+Cup+Caf%C3%A9/data=!4m7!3m6!1s0x4ca7b367353eac5f:0xa07bbe69f3ee89ac!8m2!3d45.2727273!4d-66.0616472!16s%2Fg%2F11b8tg3yhl!19sChIJX6w-NWezp0wRrInu82m-e6A?authuser=0&hl=en&rclk=1,"Cofee shops in Saint John, NB, USA",-66.0616472,45.272727,
Starbucks,"15 Depot Ct, Saint John, NB E2J 0C2, Canada",4.1,57,+1 506-696-6160,starbucks.ca,,https://www.google.ca/maps/place/Starbucks/data=!4m7!3m6!1s0x4ca7b2ff951c94f5:0x5fa0472f2806d4a4!8m2!3d45.3028247!4d-66.0236432!16s%2Fg%2F12hk4071l!19sChIJ9ZQclf-yp0wRpNQGKC9HoF8?authuser=0&hl=en&rclk=1,"Cofee shops in Saint John, NB, USA",-66.0236432,45.302824,
Java Moose,"84 Prince William St, Saint John, NB E2L 2B3, Canada",4.6,57,+1 506-657-7283,javamoose.com,,https://www.google.ca/maps/place/Java+Moose/data=!4m7!3m6!1s0x4ca7b37c69174077:0xf772c9d67c05d67e!8m2!3d45.2719723!4d-66.0619405!16s%2Fg%2F1tj4b1st!19sChIJd0AXaXyzp0wRftYFfNbJcvc?authuser=0&hl=en&rclk=1,"Cofee shops in Saint John, NB, USA",-66.0619405,45.271972,sales@javamoose.com
Catapult Coffee & Studio,"116 Princess St, Saint John, NB E2L 1K4, Canada",4.8,30,+1 506-642-6442,outflowsj.com,,https://www.google.ca/maps/place/Catapult+Coffee+%26+Studio/data=!4m7!3m6!1s0x4ca7b352014c0125:0xa9b1a484938a495!8m2!3d45.2717556!4d-66.0586811!16s%2Fg%2F11gyybz7ty!19sChIJJQFMAVKzp0wRlaQ4SUgamwo?authuser=0&hl=en&rclk=1,"Cofee shops in Saint John, NB, USA",-66.0586811,45.271755,
K's East Side Cafe,"607 Rothesay Av, Saint John, NB E2H 2G9, Canada",4.7,57,+1 506-642-6291,facebook.com,,https://www.google.ca/maps/place/K%27s+East+Side+Cafe/data=!4m7!3m6!1s0x4ca7b2f1e9670edb:0xdb4dfed0eb4bf54d!8m2!3d45.3167343!4d-66.0257415!16s%2Fg%2F1whdhywz!19sChIJ2w5n6fGyp0wRTfVL69D-Tds?authuser=0&hl=en&rclk=1,"Cofee shops in Saint John, NB, USA",-66.0257415,45.316734,
Downtown Sips,"St John, 6c-71 Cruz Bay Quarter, Cruz Bay, 00830, US Virgin Islan",4.8,30,+1 340-642-0077,downtownsipsvi.com,,https://www.google.ca/maps/place/Downtown+Sips/data=!4m7!3m6!1s0x8c0513f9a361a9eb:0xba118928f9a80d3e!8m2!3d18.3311629!4d-64.7944152!16s%2Fg%2F11kbmyrx7v!19sChIJ66lho_kTBYwRPg2o-SiJEbo?authuser=0&hl=en&rclk=1,"Cofee shops in Saint John, NB, USA",-64.7944152,18.331162,downtownsipsvi@gmail.com
Catapult Coffee & Studio,"116 Princess St, Saint John, NB E2L 1K4, Canada",4.8,57,+1 506-642-6442,outflowsj.com,,https://www.google.ca/maps/place/Catapult+Coffee+%26+Studio/data=!4m7!3m6!1s0x4ca7b352014c0125:0xa9b1a484938a495!8m2!3d45.2717556!4d-66.0586811!16s%2Fg%2F11gyybz7ty!19sChIJJQFMAVKzp0wRlaQ4SUgamwo?authuser=0&hl=en&rclk=1,"Cofee shops in Saint John, NB, USA",-66.0586811,45.271755,
Name,Address,Rating,Result Count,Phone no,Website,Facebook,Location URL,Search Query,Longitude,Latitude,emails
Ami Tea Saint John,"73 King St, Saint John, NB E2L 1G5, Canada",4.5,57,+1 506-631-9999,,,https://www.google.ca/maps/place/Ami+Tea+Saint+John/data=!4m7!3m6!1s0x4ca7b304097ac489:0xf4b2b19c6e81fe68!8m2!3d45.2734358!4d-66.0598738!16s%2Fg%2F11ll6dqmrf!19sChIJicR6CQSzp0wRaP6BbpyxsvQ?authuser=0&hl=en&rclk=1,"Cofee shops in Saint John, NB, USA",-66.0598738,45.273435,
Starbucks,"300 Mystery Lake Rd, Thompson, MB R8N 0M2, Canada",3.6,2,,,,https://www.google.ca/maps/place/Starbucks/data=!4m7!3m6!1s0x525fc676c3bdf67b:0x8991de39934be655!8m2!3d55.7439345!4d-97.8467254!16s%2Fg%2F11b6g46c_p!19sChIJe_a9w3bGX1IRVeZLkznekYk?authuser=0&hl=en&rclk=1,"Cofee shops in Thompson, MB, USA",-97.8467254,55.743934,
Tim Hortons,"300 Mystery Lake Rd, Thompson, MB R8M 0N2, Canada",3.6,2,,,,https://www.google.ca/maps/place/Tim+Hortons/data=!4m7!3m6!1s0x525fc676df2d1ddf:0xb101d5ed10dffeb7!8m2!3d55.7450395!4d-97.8477466!16s%2Fg%2F1vzqrxc1!19sChIJ3x0t33bGX1IRt_7fEO3VAbE?authuser=0&hl=en&rclk=1,"Cofee shops in Thompson, MB, USA",-97.8477466,55.745039,
Java Moose,"84 Prince William St, Saint John, NB E2L 2B3, Canada",4.6,30,,,,https://www.google.ca/maps/place/Java+Moose/data=!4m7!3m6!1s0x4ca7b37c69174077:0xf772c9d67c05d67e!8m2!3d45.2719723!4d-66.0619405!16s%2Fg%2F1tj4b1st!19sChIJd0AXaXyzp0wRftYFfNbJcvc?authuser=0&hl=en&rclk=1,"Cofee shops in Saint John, NB, USA",-66.0619405,45.271972,
Starbucks,"15 Depot Ct, Saint John, NB E2J 0C2, Canada",4.1,57,+1 506-696-6160,starbucks.ca,,https://www.google.ca/maps/place/Starbucks/data=!4m7!3m6!1s0x4ca7b2ff951c94f5:0x5fa0472f2806d4a4!8m2!3d45.3028247!4d-66.0236432!16s%2Fg%2F12hk4071l!19sChIJ9ZQclf-yp0wRpNQGKC9HoF8?authuser=0&hl=en&rclk=1,"Cofee shops in Saint John, NB, USA",-66.0236432,45.302824,
Starbucks,"641 Harding St W, Saint John, NB E2M 3M2, Canada",4.2,57,+1 506-721-3429,starbucks.ca,,https://www.google.ca/maps/place/Starbucks/data=!4m7!3m6!1s0x4ca7b5e1569fda5d:0x693828fee55d7496!8m2!3d45.25443!4d-66.0957899!16s%2Fg%2F11mhy4k6n_!19sChIJXdqfVuG1p0wRlnRd5f4oOGk?authuser=0&hl=en&rclk=1,"Cofee shops in Saint John, NB, USA",-66.0957899,45.2544,
Starbucks,"300 Mystery Lake Rd, Thompson, MB R8N 0M2, Canada",3.6,2,+1 204-677-2600,starbucks.ca,,https://www.google.ca/maps/place/Starbucks/data=!4m7!3m6!1s0x525fc676c3bdf67b:0x8991de39934be655!8m2!3d55.7439345!4d-97.8467254!16s%2Fg%2F11b6g46c_p!19sChIJe_a9w3bGX1IRVeZLkznekYk?authuser=0&hl=en&rclk=1,"Cofee shops in Thompson, MB, USA",-97.8467254,55.743934,
Wild Carrot Café,"47 Charlotte St, Saint John, NB E2L 2H8, Canada",3.9,57,+1 506-632-1900,wildcarrotcafe.ca,,https://www.google.ca/maps/place/Wild+Carrot+Caf%C3%A9/data=!4m7!3m6!1s0x4ca7b37c69174077:0xdcbc2aa1057d81fd!8m2!3d45.274044!4d-66.059293!16s%2Fg%2F1td0022c!19sChIJd0AXaXyzp0wR_YF9BaEqvNw?authuser=0&hl=en&rclk=1,"Cofee shops in Saint John, NB, USA",-66.059293,45.27404,
Java Moose,"84 Prince William St, Saint John, NB E2L 2B3, Canada",4.6,57,+1 506-657-7283,javamoose.com,,https://www.google.ca/maps/place/Java+Moose/data=!4m7!3m6!1s0x4ca7b37c69174077:0xf772c9d67c05d67e!8m2!3d45.2719723!4d-66.0619405!16s%2Fg%2F1tj4b1st!19sChIJd0AXaXyzp0wRftYFfNbJcvc?authuser=0&hl=en&rclk=1,"Cofee shops in Saint John, NB, USA",-66.0619405,45.271972,sales@javamoose.com
Java Moose,"519 Westmorland Rd, Saint John, NB E2J 3W9, Canada",4.4,57,+1 506-633-0033,javamoose.com,,https://www.google.ca/maps/place/Java+Moose/data=!4m7!3m6!1s0x4ca7b257ba4689c5:0x24a2e947eda8923f!8m2!3d45.307349!4d-66.0159656!16s%2Fg%2F1tgclx4n!19sChIJxYlGuleyp0wRP5Ko7UfpoiQ?authuser=0&hl=en&rclk=1,"Cofee shops in Saint John, NB, USA",-66.0159656,45.30734,sales@javamoose.com
Java Moose,"519 Westmorland Rd, Saint John, NB E2J 3W9, Canada",4.5,30,+1 506-633-0033,javamoose.com,,https://www.google.ca/maps/place/Java+Moose/data=!4m7!3m6!1s0x4ca7b257ba4689c5:0x24a2e947eda8923f!8m2!3d45.307349!4d-66.0159656!16s%2Fg%2F1tgclx4n!19sChIJxYlGuleyp0wRP5Ko7UfpoiQ?authuser=0&hl=en&rclk=1,"Cofee shops in Saint John, NB, USA",-66.0159656,45.30734,sales@javamoose.com
K's East Side Cafe,"607 Rothesay Av, Saint John, NB E2H 2G9, Canada",4.7,57,+1 506-642-6291,facebook.com,,https://www.google.ca/maps/place/K%27s+East+Side+Cafe/data=!4m7!3m6!1s0x4ca7b2f1e9670edb:0xdb4dfed0eb4bf54d!8m2!3d45.3167343!4d-66.0257415!16s%2Fg%2F1whdhywz!19sChIJ2w5n6fGyp0wRTfVL69D-Tds?authuser=0&hl=en&rclk=1,"Cofee shops in Saint John, NB, USA",-66.0257415,45.316734,
College Fund Coffee,"31 Queen Square N, Saint John, NB E2L 1R6, Canada",5.0,30,+1 506-647-8453,collegefundcoffee.com,,https://www.google.ca/maps/place/College+Fund+Coffee/data=!4m7!3m6!1s0x4ca7b5464d2dc3f7:0xc757370bad3e8009!8m2!3d45.2699003!4d-66.0560613!16s%2Fg%2F11k5hjf4vm!19sChIJ98MtTUa1p0wRCYA-rQs3V8c?authuser=0&hl=en&rclk=1,"Cofee shops in Saint John, NB, USA",-66.0560613,45.269900,mhlegere@gmail.com
Second Cup Café,"16 King St, Saint John, NB E2L 1G2, Canada",4.4,57,+1 506-642-9671,secondcup.com,,https://www.google.ca/maps/place/Second+Cup+Caf%C3%A9/data=!4m7!3m6!1s0x4ca7b367353eac5f:0xa07bbe69f3ee89ac!8m2!3d45.2727273!4d-66.0616472!16s%2Fg%2F11b8tg3yhl!19sChIJX6w-NWezp0wRrInu82m-e6A?authuser=0&hl=en&rclk=1,"Cofee shops in Saint John, NB, USA",-66.0616472,45.272727,
Starbucks,"300 Mystery Lake Rd, Thompson, MB R8N 0M2, Canada",3.6,2,+1 204-677-2600,starbucks.ca,,https://www.google.ca/maps/place/Starbucks/data=!4m7!3m6!1s0x525fc676c3bdf67b:0x8991de39934be655!8m2!3d55.7439345!4d-97.8467254!16s%2Fg%2F11b6g46c_p!19sChIJe_a9w3bGX1IRVeZLkznekYk?authuser=0&hl=en&rclk=1,"Cofee shops in Thompson, MB, USA",-97.8467254,55.743934,
Starbucks,"300 Mystery Lake Rd, Thompson, MB R8N 0M2, Canada",3.6,3,+1 204-677-2600,starbucks.ca,,https://www.google.ca/maps/place/Starbucks/data=!4m7!3m6!1s0x525fc676c3bdf67b:0x8991de39934be655!8m2!3d55.7439345!4d-97.8467254!16s%2Fg%2F11b6g46c_p!19sChIJe_a9w3bGX1IRVeZLkznekYk?authuser=0&hl=en&rclk=1,"Cofee shops in Thompson, MB, USA",-97.8467254,55.743934,
Second Cup Café,"400 University Ave, Saint John, NB E2L 4L2, Canada",3.0,57,+1 506-648-7856,secondcup.com,,https://www.google.ca/maps/place/Second+Cup+Caf%C3%A9/data=!4m7!3m6!1s0x4ca64d94cf8d8a53:0x7b85530c6161569b!8m2!3d45.302386!4d-66.0855669!16s%2Fg%2F11l27whgvv!19sChIJU4qNz5RNpkwRm1ZhYQxThXs?authuser=0&hl=en&rclk=1,"Cofee shops in Saint John, NB, USA",-66.0855669,45.30238,
Second Cup Café,"41A Fashion Drive, Saint John, NB E2J 0A7, Canada",3.9,57,+1 506-672-9718,secondcup.com,,https://www.google.ca/maps/place/Second+Cup+Caf%C3%A9/data=!4m7!3m6!1s0x4ca7b38d12bdba4b:0x2835fe4c8f19169b!8m2!3d45.3004738!4d-66.0259565!16s%2Fg%2F11fkb5nv68!19sChIJS7q9Eo2zp0wRmxYZj0z-NSg?authuser=0&hl=en&rclk=1,"Cofee shops in Saint John, NB, USA",-66.0259565,45.300473,
Second Cup Café,"16 King St, Saint John, NB E2L 1G2, Canada",4.4,30,+1 506-642-9671,secondcup.com,,https://www.google.ca/maps/place/Second+Cup+Caf%C3%A9/data=!4m7!3m6!1s0x4ca7b367353eac5f:0xa07bbe69f3ee89ac!8m2!3d45.2727273!4d-66.0616472!16s%2Fg%2F11b8tg3yhl!19sChIJX6w-NWezp0wRrInu82m-e6A?authuser=0&hl=en&rclk=1,"Cofee shops in Saint John, NB, USA",-66.0616472,45.272727,
Catapult Coffee & Studio,"116 Princess St, Saint John, NB E2L 1K4, Canada",4.8,30,+1 506-642-6442,outflowsj.com,,https://www.google.ca/maps/place/Catapult+Coffee+%26+Studio/data=!4m7!3m6!1s0x4ca7b352014c0125:0xa9b1a484938a495!8m2!3d45.2717556!4d-66.0586811!16s%2Fg%2F11gyybz7ty!19sChIJJQFMAVKzp0wRlaQ4SUgamwo?authuser=0&hl=en&rclk=1,"Cofee shops in Saint John, NB, USA",-66.0586811,45.271755,
Catapult Coffee & Studio,"116 Princess St, Saint John, NB E2L 1K4, Canada",4.8,57,+1 506-642-6442,outflowsj.com,,https://www.google.ca/maps/place/Catapult+Coffee+%26+Studio/data=!4m7!3m6!1s0x4ca7b352014c0125:0xa9b1a484938a495!8m2!3d45.2717556!4d-66.0586811!16s%2Fg%2F11gyybz7ty!19sChIJJQFMAVKzp0wRlaQ4SUgamwo?authuser=0&hl=en&rclk=1,"Cofee shops in Saint John, NB, USA",-66.0586811,45.271755,
Downtown Sips,"St John, 6c-71 Cruz Bay Quarter, Cruz Bay, 00830, US Virgin Islan",4.8,30,+1 340-642-0077,downtownsipsvi.com,,https://www.google.ca/maps/place/Downtown+Sips/data=!4m7!3m6!1s0x8c0513f9a361a9eb:0xba118928f9a80d3e!8m2!3d18.3311629!4d-64.7944152!16s%2Fg%2F11kbmyrx7v!19sChIJ66lho_kTBYwRPg2o-SiJEbo?authuser=0&hl=en&rclk=1,"Cofee shops in Saint John, NB, USA",-64.7944152,18.331162,downtownsipsvi@gmail.com
Circle K Coffee Shop,"56 City Rd, Saint John, NB E2L 3M6, Canada",,57,+1 506-202-7127,circlek.com,,https://www.google.ca/maps/place/Circle+K+Coffee+Shop/data=!4m7!3m6!1s0x4ca7b3dcc0d042f3:0xb48051f41ee8e7f0!8m2!3d45.2796656!4d-66.059518!16s%2Fg%2F11jzsrb1hs!19sChIJ80LQwNyzp0wR8OfoHvRRgLQ?authuser=0&hl=en&rclk=1,"Cofee shops in Saint John, NB, USA",-66.059518,45.279665,
Stone Soup Cafe & Catering,"139 Prince Edward St, Saint John, NB E2L 3S3, Canada",4.9,57,+1 506-650-7553,stonesoupsj.ca,,https://www.google.ca/maps/place/Stone+Soup+Cafe+%26+Catering/data=!4m7!3m6!1s0x4ca7b344b77bb65d:0x843ec45d4ed7c7e3!8m2!3d45.2779396!4d-66.0541536!16s%2Fg%2F11cjhz_ww6!19sChIJXbZ7t0Szp0wR48fXTl3EPoQ?authuser=0&hl=en&rclk=1,"Cofee shops in Saint John, NB, USA",-66.0541536,45.277939,
