Name,Address,Rating,Result Count,Phone no,Website,Facebook,Location URL,Search Query,Longitude,Latitude
Starbucks,"300 Mystery Lake Rd, Thompson, MB R8N 0M2, Canada",3.6,2,+1 204-677-2600,starbucks.ca,,https://www.google.ca/maps/place/Starbucks/data=!4m7!3m6!1s0x525fc676c3bdf67b:0x8991de39934be655!8m2!3d55.7439345!4d-97.8467254!16s%2Fg%2F11b6g46c_p!19sChIJe_a9w3bGX1IRVeZLkznekYk?authuser=0&hl=en&rclk=1,"Cofee shops in Thompson, MB, USA",-97.8467254,55.743934
Tim Hortons,"300 Mystery Lake Rd, Thompson, MB R8M 0N2, Canada",3.6,2,+1 204-677-1125,locations.timhortons.ca,,https://www.google.ca/maps/place/Tim+Hortons/data=!4m7!3m6!1s0x525fc676df2d1ddf:0xb101d5ed10dffeb7!8m2!3d55.7450395!4d-97.8477466!16s%2Fg%2F1vzqrxc1!19sChIJ3x0t33bGX1IRt_7fEO3VAbE?authuser=0&hl=en&rclk=1,"Cofee shops in Thompson, MB, USA",-97.8477466,55.745039
Second Cup Café,"16 King St, Saint John, NB E2L 1G2, Canada",4.4,57,+1 506-642-9671,secondcup.com,,https://www.google.ca/maps/place/Second+Cup+Caf%C3%A9/data=!4m7!3m6!1s0x4ca7b367353eac5f:0xa07bbe69f3ee89ac!8m2!3d45.2727273!4d-66.0616472!16s%2Fg%2F11b8tg3yhl!19sChIJX6w-NWezp0wRrInu82m-e6A?authuser=0&hl=en&rclk=1,"Cofee shops in Saint John, NB, USA",-66.0616472,45.272727
Catapult Coffee & Studio,"116 Princess St, Saint John, NB E2L 1K4, Canada",4.8,57,+1 506-642-6442,outflowsj.com,,https://www.google.ca/maps/place/Catapult+Coffee+%26+Studio/data=!4m7!3m6!1s0x4ca7b352014c0125:0xa9b1a484938a495!8m2!3d45.2717556!4d-66.0586811!16s%2Fg%2F11gyybz7ty!19sChIJJQFMAVKzp0wRlaQ4SUgamwo?authuser=0&hl=en&rclk=1,"Cofee shops in Saint John, NB, USA",-66.0586811,45.271755
Java Moose,"84 Prince William St, Saint John, NB E2L 2B3, Canada",4.6,57,+1 506-657-7283,javamoose.com,,https://www.google.ca/maps/place/Java+Moose/data=!4m7!3m6!1s0x4ca7b37c69174077:0xf772c9d67c05d67e!8m2!3d45.2719723!4d-66.0619405!16s%2Fg%2F1tj4b1st!19sChIJd0AXaXyzp0wRftYFfNbJcvc?authuser=0&hl=en&rclk=1,"Cofee shops in Saint John, NB, USA",-66.0619405,45.271972
Starbucks,"15 Depot Ct, Saint John, NB E2J 0C2, Canada",4.1,57,+1 506-696-6160,starbucks.ca,,https://www.google.ca/maps/place/Starbucks/data=!4m7!3m6!1s0x4ca7b2ff951c94f5:0x5fa0472f2806d4a4!8m2!3d45.3028247!4d-66.0236432!16s%2Fg%2F12hk4071l!19sChIJ9ZQclf-yp0wRpNQGKC9HoF8?authuser=0&hl=en&rclk=1,"Cofee shops in Saint John, NB, USA",-66.0236432,45.302824
K's East Side Cafe,"607 Rothesay Av, Saint John, NB E2H 2G9, Canada",4.7,57,+1 506-642-6291,facebook.com,,https://www.google.ca/maps/place/K%27s+East+Side+Cafe/data=!4m7!3m6!1s0x4ca7b2f1e9670edb:0xdb4dfed0eb4bf54d!8m2!3d45.3167343!4d-66.0257415!16s%2Fg%2F1whdhywz!19sChIJ2w5n6fGyp0wRTfVL69D-Tds?authuser=0&hl=en&rclk=1,"Cofee shops in Saint John, NB, USA",-66.0257415,45.316734
Second Cup Café,"41A Fashion Drive, Saint John, NB E2J 0A7, Canada",3.9,57,+1 506-672-9718,secondcup.com,,https://www.google.ca/maps/place/Second+Cup+Caf%C3%A9/data=!4m7!3m6!1s0x4ca7b38d12bdba4b:0x2835fe4c8f19169b!8m2!3d45.3004738!4d-66.0259565!16s%2Fg%2F11fkb5nv68!19sChIJS7q9Eo2zp0wRmxYZj0z-NSg?authuser=0&hl=en&rclk=1,"Cofee shops in Saint John, NB, USA",-66.0259565,45.300473
Java Moose,"519 Westmorland Rd, Saint John, NB E2J 3W9, Canada",4.4,57,+1 506-633-0033,javamoose.com,,https://www.google.ca/maps/place/Java+Moose/data=!4m7!3m6!1s0x4ca7b257ba4689c5:0x24a2e947eda8923f!8m2!3d45.307349!4d-66.0159656!16s%2Fg%2F1tgclx4n!19sChIJxYlGuleyp0wRP5Ko7UfpoiQ?authuser=0&hl=en&rclk=1,"Cofee shops in Saint John, NB, USA",-66.0159656,45.30734
Starbucks,"641 Harding St W, Saint John, NB E2M 3M2, Canada",4.2,57,+1 506-721-3429,starbucks.ca,,https://www.google.ca/maps/place/Starbucks/data=!4m7!3m6!1s0x4ca7b5e1569fda5d:0x693828fee55d7496!8m2!3d45.25443!4d-66.0957899!16s%2Fg%2F11mhy4k6n_!19sChIJXdqfVuG1p0wRlnRd5f4oOGk?authuser=0&hl=en&rclk=1,"Cofee shops in Saint John, NB, USA",-66.0957899,45.2544
Tim Hortons,"39 King St, Saint John, NB E2L 4W3, Canada",4.1,57,+1 506-693-8121,locations.timhortons.ca,,https://www.google.ca/maps/place/Tim+Hortons/data=!4m7!3m6!1s0x4ca7b37c5370ba1b:0xf33a0788d243fcab!8m2!3d45.2734991!4d-66.0614227!16s%2Fg%2F1tgyw997!19sChIJG7pwU3yzp0wRq_xD0ogHOvM?authuser=0&hl=en&rclk=1,"Cofee shops in Saint John, NB, USA",-66.0614227,45.273499
Second Cup Café,"400 University Ave, Saint John, NB E2L 4L2, Canada",3.0,57,+1 506-648-7856,secondcup.com,,https://www.google.ca/maps/place/Second+Cup+Caf%C3%A9/data=!4m7!3m6!1s0x4ca64d94cf8d8a53:0x7b85530c6161569b!8m2!3d45.302386!4d-66.0855669!16s%2Fg%2F11l27whgvv!19sChIJU4qNz5RNpkwRm1ZhYQxThXs?authuser=0&hl=en&rclk=1,"Cofee shops in Saint John, NB, USA",-66.0855669,45.30238
Wild Carrot Café,"47 Charlotte St, Saint John, NB E2L 2H8, Canada",3.9,57,+1 506-632-1900,wildcarrotcafe.ca,,https://www.google.ca/maps/place/Wild+Carrot+Caf%C3%A9/data=!4m7!3m6!1s0x4ca7b37c69174077:0xdcbc2aa1057d81fd!8m2!3d45.274044!4d-66.059293!16s%2Fg%2F1td0022c!19sChIJd0AXaXyzp0wR_YF9BaEqvNw?authuser=0&hl=en&rclk=1,"Cofee shops in Saint John, NB, USA",-66.059293,45.27404
Tim Hortons,"52 King St, Saint John, NB E2L 1G4, Canada",4.1,57,+1 506-693-9677,locations.timhortons.ca,,https://www.google.ca/maps/place/Tim+Hortons/data=!4m7!3m6!1s0x4ca7b37c52074c77:0x6c05d3b9207bf0b8!8m2!3d45.2729442!4d-66.060205!16s%2Fg%2F11x9r5bjs!19sChIJd0wHUnyzp0wRuPB7ILnTBWw?authuser=0&hl=en&rclk=1,"Cofee shops in Saint John, NB, USA",-66.060205,45.272944
Tim Hortons,"147 McAllister Dr, Saint John, NB E2J 2S6, Canada",3.9,57,+1 506-652-5553,locations.timhortons.ca,,https://www.google.ca/maps/place/Tim+Hortons/data=!4m7!3m6!1s0x4ca7b2f7451c9195:0xfe7cb5b2f7e8bb9d!8m2!3d45.3118257!4d-66.0176665!16s%2Fg%2F12m988g4m!19sChIJlZEcRfeyp0wRnbvo97K1fP4?authuser=0&hl=en&rclk=1,"Cofee shops in Saint John, NB, USA",-66.0176665,45.311825
Stone Soup Cafe & Catering,"139 Prince Edward St, Saint John, NB E2L 3S3, Canada",4.9,57,+1 506-650-7553,stonesoupsj.ca,,https://www.google.ca/maps/place/Stone+Soup+Cafe+%26+Catering/data=!4m7!3m6!1s0x4ca7b344b77bb65d:0x843ec45d4ed7c7e3!8m2!3d45.2779396!4d-66.0541536!16s%2Fg%2F11cjhz_ww6!19sChIJXbZ7t0Szp0wR48fXTl3EPoQ?authuser=0&hl=en&rclk=1,"Cofee shops in Saint John, NB, USA",-66.0541536,45.277939
Circle K Coffee Shop,"56 City Rd, Saint John, NB E2L 3M6, Canada",,57,+1 506-202-7127,circlek.com,,https://www.google.ca/maps/place/Circle+K+Coffee+Shop/data=!4m7!3m6!1s0x4ca7b3dcc0d042f3:0xb48051f41ee8e7f0!8m2!3d45.2796656!4d-66.059518!16s%2Fg%2F11jzsrb1hs!19sChIJ80LQwNyzp0wR8OfoHvRRgLQ?authuser=0&hl=en&rclk=1,"Cofee shops in Saint John, NB, USA",-66.059518,45.279665
Tim Hortons,"158 Main St W, Saint John, NB E2M 2J9, Canada",4.0,57,+1 506-672-7251,locations.timhortons.ca,,https://www.google.ca/maps/place/Tim+Hortons/data=!4m7!3m6!1s0x4ca7b4eaea283d05:0xb3258cacd04db5b4!8m2!3d45.2559584!4d-66.0938828!16s%2Fg%2F11x9m1htf!19sChIJBT0o6uq0p0wRtLVN0KyMJbM?authuser=0&hl=en&rclk=1,"Cofee shops in Saint John, NB, USA",-66.0938828,45.255958
Tim Hortons,"222 Bayside Dr, Saint John, NB E2J 5C1, Canada",4.1,57,+1 506-633-7705,locations.timhortons.ca,,https://www.google.ca/maps/place/Tim+Hortons/data=!4m7!3m6!1s0x4ca7b30b6d01bfd9:0xab83112a4aecdeb0!8m2!3d45.2806609!4d-66.0373909!16s%2Fg%2F1tdm_2m0!19sChIJ2b8BbQuzp0wRsN7sSioRg6s?authuser=0&hl=en&rclk=1,"Cofee shops in Saint John, NB, USA",-66.0373909,45.280660
Starbucks,"168 Rothesay Ave, Saint John, NB E2J 2B5, Canada",2.8,57,+1 506-648-1320,starbucks.com,,https://www.google.ca/maps/place/Starbucks/data=!4m7!3m6!1s0x4ca7b356f4e22e1b:0x954523c28ac8bda5!8m2!3d45.2879589!4d-66.0450532!16s%2Fg%2F11vyh_p2x9!19sChIJGy7i9Fazp0wRpb3IisIjRZU?authuser=0&hl=en&rclk=1,"Cofee shops in Saint John, NB, USA",-66.0450532,45.287958
Tim Hortons,"265 King St W, Saint John, NB E2M 1S7, Canada",4.1,57,+1 506-672-2270,locations.timhortons.ca,,https://www.google.ca/maps/place/Tim+Hortons/data=!4m7!3m6!1s0x4ca7b48e19080837:0x56cad13c38211fc1!8m2!3d45.2603905!4d-66.0762609!16s%2Fg%2F1th27_dv!19sChIJNwgIGY60p0wRwR8hODzRylY?authuser=0&hl=en&rclk=1,"Cofee shops in Saint John, NB, USA",-66.0762609,45.260390
Tim Hortons,"40 University Ave, Saint John, NB E2K 5B4, Canada",4.1,57,+1 506-658-6133,locations.timhortons.ca,,https://www.google.ca/maps/place/Tim+Hortons/data=!4m7!3m6!1s0x4ca64cb490619557:0xbaaa26a1b133024d!8m2!3d45.2943771!4d-66.0949248!16s%2Fg%2F1tfc1m6w!19sChIJV5VhkLRMpkwRTQIzsaEmqro?authuser=0&hl=en&rclk=1,"Cofee shops in Saint John, NB, USA",-66.0949248,45.294377
Tim Hortons,"40 University Ave, Saint John, NB E2K 5B4, Canada",4.1,57,+1 506-658-6133,locations.timhortons.ca,,https://www.google.ca/maps/place/Tim+Hortons/data=!4m7!3m6!1s0x4ca64cb490619557:0xbaaa26a1b133024d!8m2!3d45.2943771!4d-66.0949248!16s%2Fg%2F1tfc1m6w!19sChIJV5VhkLRMpkwRTQIzsaEmqro?authuser=0&hl=en&rclk=1,"Cofee shops in Saint John, NB, USA",-66.0949248,45.294377
Tim Hortons,"10 McDonald St, Saint John, NB E2J 1M5, Canada",4.0,57,+1 506-633-8453,locations.timhortons.ca,,https://www.google.ca/maps/place/Tim+Hortons/data=!4m7!3m6!1s0x4ca7b303c39a0799:0x646f4b57f6e3c0f9!8m2!3d45.2869424!4d-66.028465!16s%2Fg%2F1wg5xlvx!19sChIJmQeawwOzp0wR-cDj9ldLb2Q?authuser=0&hl=en&rclk=1,"Cofee shops in Saint John, NB, USA",-66.028465,45.286942
Tim Hortons,"75 Lansdowne Ave, Saint John, NB E2K 2Z9, Canada",4.1,57,+1 506-693-0090,locations.timhortons.ca,,https://www.google.ca/maps/place/Tim+Hortons/data=!4m7!3m6!1s0x4ca7b35e21446903:0x4f7e199384aaeca2!8m2!3d45.2776855!4d-66.0774428!16s%2Fg%2F1tdmv6jj!19sChIJA2lEIV6zp0wRouyqhJMZfk8?authuser=0&hl=en&rclk=1,"Cofee shops in Saint John, NB, USA",-66.0774428,45.277685
Tim Hortons,"199 Hilyard St, Saint John, NB E2K 4V2, Canada",4.2,57,+1 506-634-1389,locations.timhortons.ca,,https://www.google.ca/maps/place/Tim+Hortons/data=!4m7!3m6!1s0x4ca7b363cf685445:0x5f63a4554f2708ee!8m2!3d45.2763492!4d-66.068898!16s%2Fg%2F1vxz96bg!19sChIJRVRoz2Ozp0wR7ggnT1WkY18?authuser=0&hl=en&rclk=1,"Cofee shops in Saint John, NB, USA",-66.068898,45.276349
The Art Warehouse Café,"120 Prince William St Unit A, Saint John, NB E2L 2B6, Canada",4.8,57,+1 506-285-6052,theartwarehousesj.wixsite.com,,https://www.google.ca/maps/place/The+Art+Warehouse+Caf%C3%A9/data=!4m7!3m6!1s0x4ca7b39cbb659555:0x21381ed807f2b511!8m2!3d45.2710888!4d-66.0615526!16s%2Fg%2F11j3w9h2zk!19sChIJVZVlu5yzp0wREbXyB9geOCE?authuser=0&hl=en&rclk=1,"Cofee shops in Saint John, NB, USA",-66.0615526,45.271088
Tim Hortons,"640 Manawagonish Rd, Saint John, NB E2M 3W5, Canada",4.1,57,+1 506-635-8558,locations.timhortons.ca,,https://www.google.ca/maps/place/Tim+Hortons/data=!4m7!3m6!1s0x4ca7b4c13dea4b35:0x5ab5c2043189b8c!8m2!3d45.2567766!4d-66.1017312!16s%2Fg%2F1tz75ktd!19sChIJNUvqPcG0p0wRjJsYQyBcqwU?authuser=0&hl=en&rclk=1,"Cofee shops in Saint John, NB, USA",-66.1017312,45.256776
Tim Hortons,"31 Waterloo St, Saint John, NB E2L 3P5, Canada",4.0,57,+1 506-658-9956,locations.timhortons.ca,,https://www.google.ca/maps/place/Tim+Hortons/data=!4m7!3m6!1s0x4ca7b37bbe1780ab:0x23488542509ca6fc!8m2!3d45.2762784!4d-66.0575651!16s%2Fg%2F1tf57g_t!19sChIJq4AXvnuzp0wR_KacUEKFSCM?authuser=0&hl=en&rclk=1,"Cofee shops in Saint John, NB, USA",-66.0575651,45.276278
Tim Hortons,"447 Rothesay Ave, Saint John, NB E2J 2C3, Canada",3.8,57,+1 506-633-8450,locations.timhortons.ca,,https://www.google.ca/maps/place/Tim+Hortons/data=!4m7!3m6!1s0x4ca7b2fcf740a965:0xe4bea9381e453389!8m2!3d45.3068136!4d-66.0322271!16s%2Fg%2F1tz70_ns!19sChIJZalA9_yyp0wRiTNFHjipvuQ?authuser=0&hl=en&rclk=1,"Cofee shops in Saint John, NB, USA",-66.0322271,45.306813
Tim Hortons,"1100 Loch Lomond Rd, Saint John, NB E2J 1Z6, Canada",3.6,57,+1 506-696-8087,locations.timhortons.ca,,https://www.google.ca/maps/place/Tim+Hortons/data=!4m7!3m6!1s0x4ca7b249778516db:0x361666d15449c4d1!8m2!3d45.3018032!4d-65.9970316!16s%2Fg%2F1tfrrhyc!19sChIJ2xaFd0myp0wR0cRJVNFmFjY?authuser=0&hl=en&rclk=1,"Cofee shops in Saint John, NB, USA",-65.9970316,45.301803
Tim Hortons,"99 Station St, Saint John, NB E2L 4X4, Canada",3.8,57,+1 506-633-5016,locations.timhortons.ca,,https://www.google.ca/maps/place/Tim+Hortons/data=!4m7!3m6!1s0x4ca7b3649e555555:0xd3a10b81ac8d2dcc!8m2!3d45.2764379!4d-66.0640794!16s%2Fg%2F11b5wjjbm1!19sChIJVVVVnmSzp0wRzC2NrIELodM?authuser=0&hl=en&rclk=1,"Cofee shops in Saint John, NB, USA",-66.0640794,45.276437
Ami Tea Saint John,"73 King St, Saint John, NB E2L 1G5, Canada",4.5,57,+1 506-631-9999,,,https://www.google.ca/maps/place/Ami+Tea+Saint+John/data=!4m7!3m6!1s0x4ca7b304097ac489:0xf4b2b19c6e81fe68!8m2!3d45.2734358!4d-66.0598738!16s%2Fg%2F11ll6dqmrf!19sChIJicR6CQSzp0wRaP6BbpyxsvQ?authuser=0&hl=en&rclk=1,"Cofee shops in Saint John, NB, USA",-66.0598738,45.273435
Tim Hortons,"3701 Westfield Rd, Saint John, NB E2M 7T4, Canada",3.8,57,+1 506-738-2571,locations.timhortons.ca,,https://www.google.ca/maps/place/Tim+Hortons/data=!4m7!3m6!1s0x4ca64bf786dcee77:0xb75df29936507186!8m2!3d45.2986898!4d-66.1970867!16s%2Fg%2F1tklq48f!19sChIJd-7chvdLpkwRhnFQNpnyXbc?authuser=0&hl=en&rclk=1,"Cofee shops in Saint John, NB, USA",-66.1970867,45.298689
Name,Address,Rating,Result Count,Phone no,Website,Facebook,Location URL,Search Query,Longitude,Latitude
Starbucks,"300 Mystery Lake Rd, Thompson, MB R8N 0M2, Canada",3.6,3,+1 204-677-2600,starbucks.ca,,https://www.google.ca/maps/place/Starbucks/data=!4m7!3m6!1s0x525fc676c3bdf67b:0x8991de39934be655!8m2!3d55.7439345!4d-97.8467254!16s%2Fg%2F11b6g46c_p!19sChIJe_a9w3bGX1IRVeZLkznekYk?authuser=0&hl=en&rclk=1,"Cofee shops in Thompson, MB, USA",-97.8467254,55.743934
Name,Address,Rating,Result Count,Phone no,Website,Facebook,Location URL,Search Query,Longitude,Latitude
Starbucks,"300 Mystery Lake Rd, Thompson, MB R8N 0M2, Canada",3.6,2,+1 204-677-2600,starbucks.ca,,https://www.google.ca/maps/place/Starbucks/data=!4m7!3m6!1s0x525fc676c3bdf67b:0x8991de39934be655!8m2!3d55.7439345!4d-97.8467254!16s%2Fg%2F11b6g46c_p!19sChIJe_a9w3bGX1IRVeZLkznekYk?authuser=0&hl=en&rclk=1,"Cofee shops in Thompson, MB, USA",-97.8467254,55.743934
Tim Hortons,"300 Mystery Lake Rd, Thompson, MB R8M 0N2, Canada",3.6,2,+1 204-677-1125,locations.timhortons.ca,,https://www.google.ca/maps/place/Tim+Hortons/data=!4m7!3m6!1s0x525fc676df2d1ddf:0xb101d5ed10dffeb7!8m2!3d55.7450395!4d-97.8477466!16s%2Fg%2F1vzqrxc1!19sChIJ3x0t33bGX1IRt_7fEO3VAbE?authuser=0&hl=en&rclk=1,"Cofee shops in Thompson, MB, USA",-97.8477466,55.745039
Name,Address,Rating,Result Count,Phone no,Website,Facebook,Location URL,Search Query,Longitude,Latitude
Starbucks,"300 Mystery Lake Rd, Thompson, MB R8N 0M2, Canada",3.6,2,,,,https://www.google.ca/maps/place/Starbucks/data=!4m7!3m6!1s0x525fc676c3bdf67b:0x8991de39934be655!8m2!3d55.7439345!4d-97.8467254!16s%2Fg%2F11b6g46c_p!19sChIJe_a9w3bGX1IRVeZLkznekYk?authuser=0&hl=en&rclk=1,"Cofee shops in Thompson, MB, USA",-97.8467254,55.743934
Tim Hortons,"300 Mystery Lake Rd, Thompson, MB R8M 0N2, Canada",3.6,2,,,,https://www.google.ca/maps/place/Tim+Hortons/data=!4m7!3m6!1s0x525fc676df2d1ddf:0xb101d5ed10dffeb7!8m2!3d55.7450395!4d-97.8477466!16s%2Fg%2F1vzqrxc1!19sChIJ3x0t33bGX1IRt_7fEO3VAbE?authuser=0&hl=en&rclk=1,"Cofee shops in Thompson, MB, USA",-97.8477466,55.745039
Catapult Coffee & Studio,"116 Princess St, Saint John, NB E2L 1K4, Canada",4.8,30,+1 506-642-6442,outflowsj.com,,https://www.google.ca/maps/place/Catapult+Coffee+%26+Studio/data=!4m7!3m6!1s0x4ca7b352014c0125:0xa9b1a484938a495!8m2!3d45.2717556!4d-66.0586811!16s%2Fg%2F11gyybz7ty!19sChIJJQFMAVKzp0wRlaQ4SUgamwo?authuser=0&hl=en&rclk=1,"Cofee shops in Saint John, NB, USA",-66.0586811,45.271755
Java Moose,"84 Prince William St, Saint John, NB E2L 2B3, Canada",4.6,30,,,,https://www.google.ca/maps/place/Java+Moose/data=!4m7!3m6!1s0x4ca7b37c69174077:0xf772c9d67c05d67e!8m2!3d45.2719723!4d-66.0619405!16s%2Fg%2F1tj4b1st!19sChIJd0AXaXyzp0wRftYFfNbJcvc?authuser=0&hl=en&rclk=1,"Cofee shops in Saint John, NB, USA",-66.0619405,45.271972
Second Cup Café,"16 King St, Saint John, NB E2L 1G2, Canada",4.4,30,+1 506-642-9671,secondcup.com,,https://www.google.ca/maps/place/Second+Cup+Caf%C3%A9/data=!4m7!3m6!1s0x4ca7b367353eac5f:0xa07bbe69f3ee89ac!8m2!3d45.2727273!4d-66.0616472!16s%2Fg%2F11b8tg3yhl!19sChIJX6w-NWezp0wRrInu82m-e6A?authuser=0&hl=en&rclk=1,"Cofee shops in Saint John, NB, USA",-66.0616472,45.272727
Harvest Cafe,"77 Catherwood St, Saint John, NB E2M 7X1, Canada",4.8,30,+1 506-609-1512,healthyheather0.wixsite.com,,https://www.google.ca/maps/place/Harvest+Cafe/data=!4m7!3m6!1s0x4ca7b526ad25da5b:0x953c6cc87a53b4ab!8m2!3d45.2546097!4d-66.0980511!16s%2Fg%2F11vwjbycb0!19sChIJW9olrSa1p0wRq7RTeshsPJU?authuser=0&hl=en&rclk=1,"Cofee shops in Saint John, NB, USA",-66.0980511,45.254609
Downtown Sips,"St John, 6c-71 Cruz Bay Quarter, Cruz Bay, 00830, US Virgin Islan",4.8,30,+1 340-642-0077,downtownsipsvi.com,,https://www.google.ca/maps/place/Downtown+Sips/data=!4m7!3m6!1s0x8c0513f9a361a9eb:0xba118928f9a80d3e!8m2!3d18.3311629!4d-64.7944152!16s%2Fg%2F11kbmyrx7v!19sChIJ66lho_kTBYwRPg2o-SiJEbo?authuser=0&hl=en&rclk=1,"Cofee shops in Saint John, NB, USA",-64.7944152,18.331162
Java Moose,"519 Westmorland Rd, Saint John, NB E2J 3W9, Canada",4.5,30,+1 506-633-0033,javamoose.com,,https://www.google.ca/maps/place/Java+Moose/data=!4m7!3m6!1s0x4ca7b257ba4689c5:0x24a2e947eda8923f!8m2!3d45.307349!4d-66.0159656!16s%2Fg%2F1tgclx4n!19sChIJxYlGuleyp0wRP5Ko7UfpoiQ?authuser=0&hl=en&rclk=1,"Cofee shops in Saint John, NB, USA",-66.0159656,45.30734
College Fund Coffee,"31 Queen Square N, Saint John, NB E2L 1R6, Canada",5.0,30,+1 506-647-8453,collegefundcoffee.com,,https://www.google.ca/maps/place/College+Fund+Coffee/data=!4m7!3m6!1s0x4ca7b5464d2dc3f7:0xc757370bad3e8009!8m2!3d45.2699003!4d-66.0560613!16s%2Fg%2F11k5hjf4vm!19sChIJ98MtTUa1p0wRCYA-rQs3V8c?authuser=0&hl=en&rclk=1,"Cofee shops in Saint John, NB, USA",-66.0560613,45.269900
